-- MySQL dump 10.13  Distrib 9.2.0, for Win64 (x86_64)
--
-- Host: localhost    Database: readwin
-- ------------------------------------------------------
-- Server version	9.2.0

/*!40101 SET @OLD_CHARACTER_SET_CLIENT=@@CHARACTER_SET_CLIENT */;
/*!40101 SET @OLD_CHARACTER_SET_RESULTS=@@CHARACTER_SET_RESULTS */;
/*!40101 SET @OLD_COLLATION_CONNECTION=@@COLLATION_CONNECTION */;
/*!50503 SET NAMES utf8mb4 */;
/*!40103 SET @OLD_TIME_ZONE=@@TIME_ZONE */;
/*!40103 SET TIME_ZONE='+00:00' */;
/*!40014 SET @OLD_UNIQUE_CHECKS=@@UNIQUE_CHECKS, UNIQUE_CHECKS=0 */;
/*!40014 SET @OLD_FOREIGN_KEY_CHECKS=@@FOREIGN_KEY_CHECKS, FOREIGN_KEY_CHECKS=0 */;
/*!40101 SET @OLD_SQL_MODE=@@SQL_MODE, SQL_MODE='NO_AUTO_VALUE_ON_ZERO' */;
/*!40111 SET @OLD_SQL_NOTES=@@SQL_NOTES, SQL_NOTES=0 */;

--
-- Table structure for table `class_rating`
--

DROP TABLE IF EXISTS `class_rating`;
/*!40101 SET @saved_cs_client     = @@character_set_client */;
/*!50503 SET character_set_client = utf8mb4 */;
CREATE TABLE `class_rating` (
  `id` int NOT NULL AUTO_INCREMENT,
  `class_id` int NOT NULL,
  `year_id` int NOT NULL,
  `points` int NOT NULL DEFAULT '0',
  PRIMARY KEY (`id`),
  UNIQUE KEY `class_year_unique` (`class_id`,`year_id`),
  KEY `class_rating_ibfk_2` (`year_id`),
  CONSTRAINT `class_rating_ibfk_1` FOREIGN KEY (`class_id`) REFERENCES `school_class` (`id`),
  CONSTRAINT `class_rating_ibfk_2` FOREIGN KEY (`year_id`) REFERENCES `school_year` (`id`)
) ENGINE=InnoDB AUTO_INCREMENT=5 DEFAULT CHARSET=utf8mb4 COLLATE=utf8mb4_0900_ai_ci;
/*!40101 SET character_set_client = @saved_cs_client */;

--
-- Dumping data for table `class_rating`
--

LOCK TABLES `class_rating` WRITE;
/*!40000 ALTER TABLE `class_rating` DISABLE KEYS */;
INSERT INTO `class_rating` VALUES (1,1,2,100),(2,2,2,90),(3,17,2,85),(4,18,1,95);
/*!40000 ALTER TABLE `class_rating` ENABLE KEYS */;
UNLOCK TABLES;

--
-- Table structure for table `event`
--

DROP TABLE IF EXISTS `event`;
/*!40101 SET @saved_cs_client     = @@character_set_client */;
/*!50503 SET character_set_client = utf8mb4 */;
CREATE TABLE `event` (
  `id` int NOT NULL AUTO_INCREMENT,
  `name` varchar(100) NOT NULL,
  `date` datetime NOT NULL,
  `type` enum('–ò–Ω–¥–∏–≤–∏–¥—É–∞–ª—å–Ω—ã–π','–ì—Ä—É–ø–ø–æ–≤–æ–π') NOT NULL,
  `status` enum('–ë—É–¥–µ—Ç','–ü—Ä–æ—à–µ–ª') NOT NULL DEFAULT '–ë—É–¥–µ—Ç',
  `description` text,
  PRIMARY KEY (`id`)
) ENGINE=InnoDB AUTO_INCREMENT=21 DEFAULT CHARSET=utf8mb4 COLLATE=utf8mb4_0900_ai_ci;
/*!40101 SET character_set_client = @saved_cs_client */;

--
-- Dumping data for table `event`
--

LOCK TABLES `event` WRITE;
/*!40000 ALTER TABLE `event` DISABLE KEYS */;
INSERT INTO `event` VALUES (1,'–®–∫–æ–ª—å–Ω–∞—è –æ–ª–∏–º–ø–∏–∞–¥–∞','2025-06-15 10:00:00','–ì—Ä—É–ø–ø–æ–≤–æ–π','–ë—É–¥–µ—Ç',NULL),(2,'–ù–∞—É—á–Ω–∞—è –∫–æ–Ω—Ñ–µ—Ä–µ–Ω—Ü–∏—è','2026-05-10 09:00:00','–ì—Ä—É–ø–ø–æ–≤–æ–π','–ë—É–¥–µ—Ç','–ö–æ–Ω—Ñ–µ—Ä–µ–Ω—Ü–∏—è –¥–ª—è —à–∫–æ–ª—å–Ω–∏–∫–æ–≤.'),(3,'–ù–∞–∑–≤–∞–Ω–∏–µ –º–µ—Ä–æ–ø—Ä–∏—è—Ç–∏—è','2023-12-15 10:00:00','–ì—Ä—É–ø–ø–æ–≤–æ–π','–ü—Ä–æ—à–µ–ª','–û–ø–∏—Å–∞–Ω–∏–µ –º–µ—Ä–æ–ø—Ä–∏—è—Ç–∏—è'),(7,'–ò–º—è','2025-06-11 12:36:33','–ò–Ω–¥–∏–≤–∏–¥—É–∞–ª—å–Ω—ã–π','–ü—Ä–æ—à–µ–ª',NULL),(8,'–ù–æ–≤—ã–π –≥–æ–¥','2025-06-12 23:38:15','–ò–Ω–¥–∏–≤–∏–¥—É–∞–ª—å–Ω—ã–π','–ü—Ä–æ—à–µ–ª',NULL),(9,'fff','2025-06-13 15:19:34','–ì—Ä—É–ø–ø–æ–≤–æ–π','–ü—Ä–æ—à–µ–ª','–∞–∞–∞–∞'),(10,'–°–∫–∞–∑–∫–∞ –Ω–∞ –Ω–æ—á—å','2025-06-27 15:28:05','–ò–Ω–¥–∏–≤–∏–¥—É–∞–ª—å–Ω—ã–π','–ë—É–¥–µ—Ç',''),(11,'–°–∫–∞–∑–∫–∞ –Ω–∞ –Ω–æ—á—å','2025-06-27 15:40:45','–ì—Ä—É–ø–ø–æ–≤–æ–π','–ë—É–¥–µ—Ç',''),(12,'–°–∫–∞–∑–∫–∞ –Ω–∞ –Ω–æ—á—å','2025-07-04 15:43:26','–ò–Ω–¥–∏–≤–∏–¥—É–∞–ª—å–Ω—ã–π','–ë—É–¥–µ—Ç',''),(13,'–¢–µ—Å—Ç','2025-06-21 15:47:55','–ò–Ω–¥–∏–≤–∏–¥—É–∞–ª—å–Ω—ã–π','–ë—É–¥–µ—Ç',''),(14,'–¢–ï–°–ú–ò','2025-06-20 15:53:40','–ò–Ω–¥–∏–≤–∏–¥—É–∞–ª—å–Ω—ã–π','–ë—É–¥–µ—Ç',''),(15,'–¢–ï–°–ú–ò','2025-06-28 15:50:37','–ì—Ä—É–ø–ø–æ–≤–æ–π','–ë—É–¥–µ—Ç','—ã–≤–ø—ã–≤–ø'),(16,'–¢–ï–°–ú–ò','2026-06-13 15:53:09','–ò–Ω–¥–∏–≤–∏–¥—É–∞–ª—å–Ω—ã–π','–ë—É–¥–µ—Ç',''),(17,'–°–∫–∞–∑–∫–∞ –Ω–∞ –Ω–æ—á—å','2026-06-28 16:01:23','–ò–Ω–¥–∏–≤–∏–¥—É–∞–ª—å–Ω—ã–π','–ë—É–¥–µ—Ç',''),(18,'–≤–∞–≤–∞','2025-06-18 16:37:39','–ì—Ä—É–ø–ø–æ–≤–æ–π','–ë—É–¥–µ—Ç',''),(19,'–≤–∞–≤–∞','2025-06-18 16:37:39','–ì—Ä—É–ø–ø–æ–≤–æ–π','–ë—É–¥–µ—Ç',''),(20,'–ï—â—ë','2026-07-04 16:41:44','–ì—Ä—É–ø–ø–æ–≤–æ–π','–ë—É–¥–µ—Ç','');
/*!40000 ALTER TABLE `event` ENABLE KEYS */;
UNLOCK TABLES;
/*!50003 SET @saved_cs_client      = @@character_set_client */ ;
/*!50003 SET @saved_cs_results     = @@character_set_results */ ;
/*!50003 SET @saved_col_connection = @@collation_connection */ ;
/*!50003 SET character_set_client  = cp866 */ ;
/*!50003 SET character_set_results = cp866 */ ;
/*!50003 SET collation_connection  = cp866_general_ci */ ;
/*!50003 SET @saved_sql_mode       = @@sql_mode */ ;
/*!50003 SET sql_mode              = 'ONLY_FULL_GROUP_BY,STRICT_TRANS_TABLES,NO_ZERO_IN_DATE,NO_ZERO_DATE,ERROR_FOR_DIVISION_BY_ZERO,NO_ENGINE_SUBSTITUTION' */ ;
DELIMITER ;;
/*!50003 CREATE*/ /*!50017 DEFINER=`root`@`localhost`*/ /*!50003 TRIGGER `update_event_status_on_insert` BEFORE INSERT ON `event` FOR EACH ROW BEGIN
    IF NEW.date < NOW() THEN
        SET NEW.status = 'è‡ÆË•´';
    ELSE
        SET NEW.status = 'Å„§•‚';
    END IF;
END */;;
DELIMITER ;
/*!50003 SET sql_mode              = @saved_sql_mode */ ;
/*!50003 SET character_set_client  = @saved_cs_client */ ;
/*!50003 SET character_set_results = @saved_cs_results */ ;
/*!50003 SET collation_connection  = @saved_col_connection */ ;
/*!50003 SET @saved_cs_client      = @@character_set_client */ ;
/*!50003 SET @saved_cs_results     = @@character_set_results */ ;
/*!50003 SET @saved_col_connection = @@collation_connection */ ;
/*!50003 SET character_set_client  = cp866 */ ;
/*!50003 SET character_set_results = cp866 */ ;
/*!50003 SET collation_connection  = cp866_general_ci */ ;
/*!50003 SET @saved_sql_mode       = @@sql_mode */ ;
/*!50003 SET sql_mode              = 'ONLY_FULL_GROUP_BY,STRICT_TRANS_TABLES,NO_ZERO_IN_DATE,NO_ZERO_DATE,ERROR_FOR_DIVISION_BY_ZERO,NO_ENGINE_SUBSTITUTION' */ ;
DELIMITER ;;
/*!50003 CREATE*/ /*!50017 DEFINER=`root`@`localhost`*/ /*!50003 TRIGGER `update_event_status_on_update` BEFORE UPDATE ON `event` FOR EACH ROW BEGIN
    IF NEW.date < NOW() THEN
        SET NEW.status = 'è‡ÆË•´';
    ELSE
        SET NEW.status = 'Å„§•‚';
    END IF;
END */;;
DELIMITER ;
/*!50003 SET sql_mode              = @saved_sql_mode */ ;
/*!50003 SET character_set_client  = @saved_cs_client */ ;
/*!50003 SET character_set_results = @saved_cs_results */ ;
/*!50003 SET collation_connection  = @saved_col_connection */ ;

--
-- Table structure for table `event_class`
--

DROP TABLE IF EXISTS `event_class`;
/*!40101 SET @saved_cs_client     = @@character_set_client */;
/*!50503 SET character_set_client = utf8mb4 */;
CREATE TABLE `event_class` (
  `event_id` int NOT NULL,
  `class_parallel` int NOT NULL,
  `book_name` varchar(255) NOT NULL COMMENT '–ù–∞–∑–≤–∞–Ω–∏–µ –∫–Ω–∏–≥–∏ –¥–ª—è –ø–∞—Ä–∞–ª–ª–µ–ª–∏ –∫–ª–∞—Å—Å–æ–≤',
  PRIMARY KEY (`event_id`,`class_parallel`),
  CONSTRAINT `fk_event_parallel` FOREIGN KEY (`event_id`) REFERENCES `event` (`id`) ON DELETE CASCADE,
  CONSTRAINT `check_parallel_range` CHECK ((`class_parallel` between 1 and 4)),
  CONSTRAINT `chk_class_parallel` CHECK ((`class_parallel` > 0))
) ENGINE=InnoDB DEFAULT CHARSET=utf8mb4 COLLATE=utf8mb4_0900_ai_ci;
/*!40101 SET character_set_client = @saved_cs_client */;

--
-- Dumping data for table `event_class`
--

LOCK TABLES `event_class` WRITE;
/*!40000 ALTER TABLE `event_class` DISABLE KEYS */;
INSERT INTO `event_class` VALUES (1,1,'–°–∫–∞–∑–∫–∞ –æ —Ä—ã–±–∞–∫–µ –∏ —Ä—ã–±–∫–µ'),(1,2,'–ú—É—Ö–∞-–¶–æ–∫–æ—Ç—É—Ö–∞'),(1,3,'–ê–ª–∏—Å–∞ –≤ –°—Ç—Ä–∞–Ω–µ —á—É–¥–µ—Å'),(2,1,'–í–æ–ª—à–µ–±–Ω–∏–∫ –ò–∑—É–º—Ä—É–¥–Ω–æ–≥–æ –≥–æ—Ä–æ–¥–∞'),(2,2,'–ü—Ä–∏–∫–ª—é—á–µ–Ω–∏—è –ù–µ–∑–Ω–∞–π–∫–∏'),(3,1,'–ù–∞–∑–≤–∞–Ω–∏–µ –∫–Ω–∏–≥–∏ –¥–ª—è 1 –ø–∞—Ä–∞–ª–ª–µ–ª–∏'),(3,2,'–ù–∞–∑–≤–∞–Ω–∏–µ –∫–Ω–∏–≥–∏ –¥–ª—è 2 –ø–∞—Ä–∞–ª–ª–µ–ª–∏'),(3,3,'–ù–∞–∑–≤–∞–Ω–∏–µ –∫–Ω–∏–≥–∏ –¥–ª—è 3 –ø–∞—Ä–∞–ª–ª–µ–ª–∏'),(7,1,'dd'),(8,1,'–∞–∞–∞–∞–∞–∞–∞–∞–∞–∞'),(9,1,'–∞–∞–∞–∞–∞–∞–∞–∞–∞–∞'),(18,2,'–∞–∞–∞'),(18,4,'–∞–∞–≤–∞–≤–∞'),(19,2,'–∞–∞–∞'),(19,4,'–∞–∞–≤–∞–≤–∞'),(20,2,'–ø–∞—Ä–æ–∏–∑');
/*!40000 ALTER TABLE `event_class` ENABLE KEYS */;
UNLOCK TABLES;

--
-- Table structure for table `school_class`
--

DROP TABLE IF EXISTS `school_class`;
/*!40101 SET @saved_cs_client     = @@character_set_client */;
/*!50503 SET character_set_client = utf8mb4 */;
CREATE TABLE `school_class` (
  `id` int NOT NULL AUTO_INCREMENT,
  `class_number` tinyint NOT NULL,
  `class_letter` char(1) NOT NULL,
  PRIMARY KEY (`id`),
  UNIQUE KEY `class_number` (`class_number`,`class_letter`),
  CONSTRAINT `school_class_chk_1` CHECK ((`class_number` between 1 and 4))
) ENGINE=InnoDB AUTO_INCREMENT=21 DEFAULT CHARSET=utf8mb4 COLLATE=utf8mb4_0900_ai_ci;
/*!40101 SET character_set_client = @saved_cs_client */;

--
-- Dumping data for table `school_class`
--

LOCK TABLES `school_class` WRITE;
/*!40000 ALTER TABLE `school_class` DISABLE KEYS */;
INSERT INTO `school_class` VALUES (1,1,'–ê'),(2,1,'–ë'),(3,1,'–í'),(4,1,'–ì'),(17,1,'–î'),(5,2,'–ê'),(6,2,'–ë'),(7,2,'–í'),(8,2,'–ì'),(18,2,'–ï'),(9,3,'–ê'),(10,3,'–ë'),(11,3,'–í'),(12,3,'–ì'),(19,3,'–ñ'),(13,4,'–ê'),(14,4,'–ë'),(15,4,'–í'),(16,4,'–ì'),(20,4,'–ò');
/*!40000 ALTER TABLE `school_class` ENABLE KEYS */;
UNLOCK TABLES;

--
-- Table structure for table `school_year`
--

DROP TABLE IF EXISTS `school_year`;
/*!40101 SET @saved_cs_client     = @@character_set_client */;
/*!50503 SET character_set_client = utf8mb4 */;
CREATE TABLE `school_year` (
  `id` int NOT NULL AUTO_INCREMENT,
  `name` varchar(50) NOT NULL,
  `period` varchar(10) NOT NULL,
  `start_date` date NOT NULL,
  `end_date` date NOT NULL,
  `is_current` tinyint(1) NOT NULL DEFAULT '0',
  PRIMARY KEY (`id`),
  CONSTRAINT `date_check` CHECK ((`end_date` > `start_date`))
) ENGINE=InnoDB AUTO_INCREMENT=5 DEFAULT CHARSET=utf8mb4 COLLATE=utf8mb4_0900_ai_ci;
/*!40101 SET character_set_client = @saved_cs_client */;

--
-- Dumping data for table `school_year`
--

LOCK TABLES `school_year` WRITE;
/*!40000 ALTER TABLE `school_year` DISABLE KEYS */;
INSERT INTO `school_year` VALUES (1,'–ì–æ–¥ —Å–µ–º—å–∏','2024-2025','2024-09-01','2025-08-31',0),(2,'–ì–æ–¥ –æ–±—Ä–∞–∑–æ–≤–∞–Ω–∏—è','2025-2026','2025-09-01','2026-08-31',1),(3,'–ì–æ–¥ –Ω–∞—É–∫–∏','2027-2028','2027-09-01','2028-08-31',0),(4,'–ì–æ–¥ –±—É–¥—É—â–µ–≥–æ','2028-2029','2028-09-01','2029-08-31',0);
/*!40000 ALTER TABLE `school_year` ENABLE KEYS */;
UNLOCK TABLES;

--
-- Table structure for table `student`
--

DROP TABLE IF EXISTS `student`;
/*!40101 SET @saved_cs_client     = @@character_set_client */;
/*!50503 SET character_set_client = utf8mb4 */;
CREATE TABLE `student` (
  `id` int NOT NULL AUTO_INCREMENT,
  `first_name` varchar(50) NOT NULL,
  `last_name` varchar(50) NOT NULL,
  `enrollment_date` date NOT NULL COMMENT '–î–∞—Ç–∞ –∑–∞—á–∏—Å–ª–µ–Ω–∏—è —Å—Ç—É–¥–µ–Ω—Ç–∞ (–Ω–µ –º–æ–∂–µ—Ç –±—ã—Ç—å NULL)',
  PRIMARY KEY (`id`)
) ENGINE=InnoDB AUTO_INCREMENT=43 DEFAULT CHARSET=utf8mb4 COLLATE=utf8mb4_0900_ai_ci;
/*!40101 SET character_set_client = @saved_cs_client */;

--
-- Dumping data for table `student`
--

LOCK TABLES `student` WRITE;
/*!40000 ALTER TABLE `student` DISABLE KEYS */;
INSERT INTO `student` VALUES (1,'–ò–≤–∞–Ω','–ò–≤–∞–Ω–æ–≤','2024-09-01'),(2,'–ü–µ—Ç—Ä','–ü–µ—Ç—Ä–æ–≤','2024-09-01'),(3,'–ú–∞—Ä–∏—è','–°–∏–¥–æ—Ä–æ–≤–∞','2024-09-01'),(4,'–ê–Ω–Ω–∞','–°–º–∏—Ä–Ω–æ–≤–∞','2024-09-01'),(5,'–ê–ª–µ–∫—Å–µ–π','–ö—É–∑–Ω–µ—Ü–æ–≤','2024-09-01'),(6,'–ï–ª–µ–Ω–∞','–ü–æ–ø–æ–≤–∞','2024-09-01'),(7,'–°–µ—Ä–≥–µ–π','–í–∞—Å–∏–ª—å–µ–≤','2024-09-01'),(8,'–û–ª—å–≥–∞','–ü–∞–≤–ª–æ–≤–∞','2024-09-01'),(9,'–î–º–∏—Ç—Ä–∏–π','–°–µ–º–µ–Ω–æ–≤','2024-09-01'),(10,'–ù–∞—Ç–∞–ª—å—è','–ì–æ–ª—É–±–µ–≤–∞','2024-09-01'),(11,'–ê–Ω–¥—Ä–µ–π','–í–∏–Ω–æ–≥—Ä–∞–¥–æ–≤','2024-09-01'),(12,'–¢–∞—Ç—å—è–Ω–∞','–ë–µ–ª–æ–≤–∞','2024-09-01'),(13,'–ú–∏—Ö–∞–∏–ª','–§–µ–¥–æ—Ä–æ–≤','2024-09-01'),(14,'–ï–∫–∞—Ç–µ—Ä–∏–Ω–∞','–ú–æ—Ä–æ–∑–æ–≤–∞','2024-09-01'),(15,'–ê—Ä—Ç–µ–º','–ù–∏–∫–æ–ª–∞–µ–≤','2024-09-01'),(16,'–Æ–ª–∏—è','–í–æ–ª–∫–æ–≤–∞','2024-09-01'),(17,'–ê–ª–µ–∫—Å–∞–Ω–¥—Ä','–õ–µ–±–µ–¥–µ–≤','2024-09-01'),(18,'–í–∏–∫—Ç–æ—Ä–∏—è','–°–æ–∫–æ–ª–æ–≤–∞','2024-09-01'),(19,'–ì–µ–æ—Ä–≥–∏–π','–ú–∏—Ö–∞–π–ª–æ–≤','2024-09-01'),(20,'–î–∞—Ä—å—è','–ù–æ–≤–∏–∫–æ–≤–∞','2024-09-01'),(21,'–ï–≤–≥–µ–Ω–∏–π','–§—Ä–æ–ª–æ–≤','2024-09-01'),(22,'–ñ–∞–Ω–Ω–∞','–í–æ—Ä–æ–±—å–µ–≤–∞','2024-09-01'),(23,'–ó–∞—Ö–∞—Ä','–ü–æ–ª—è–∫–æ–≤','2024-09-01'),(24,'–ò—Ä–∏–Ω–∞','–¶–≤–µ—Ç–∫–æ–≤–∞','2024-09-01'),(25,'–ö–æ–Ω—Å—Ç–∞–Ω—Ç–∏–Ω','–î–º–∏—Ç—Ä–∏–µ–≤','2024-09-01'),(26,'–õ–∞—Ä–∏—Å–∞','–î–∞–Ω–∏–ª–æ–≤–∞','2024-09-01'),(27,'–ú–∞–∫—Å–∏–º','–ñ—É–∫–æ–≤','2024-09-01'),(28,'–ù–∞–¥–µ–∂–¥–∞','–ö—Ä—ã–ª–æ–≤–∞','2024-09-01'),(29,'–û–ª–µ–≥','–¢–∏—Ö–æ–Ω–æ–≤','2024-09-01'),(30,'–ü–æ–ª–∏–Ω–∞','–í–ª–∞—Å–æ–≤–∞','2024-09-01'),(31,'–†–æ–º–∞–Ω','–ú–∞—Å–ª–æ–≤','2024-09-01'),(32,'–°–≤–µ—Ç–ª–∞–Ω–∞','–®–∏—Ä–æ–∫–æ–≤–∞','2024-09-01'),(33,'–í–ª–∞–¥–∏–º–∏—Ä','–ö–æ–º–∞—Ä–æ–≤','2023-09-01'),(34,'–ì–∞–ª–∏–Ω–∞','–û—Ä–ª–æ–≤–∞','2023-09-01'),(35,'–ë–æ—Ä–∏—Å','–ó–∞—Ö–∞—Ä–æ–≤','2023-09-01'),(36,'–ó–æ—è','–°–æ–ª–æ–≤—å–µ–≤–∞','2023-09-01'),(37,'–í–∞–ª–µ–Ω—Ç–∏–Ω','–ë–∞—Ä–∞–Ω–æ–≤','2023-09-01'),(38,'–õ–∏–¥–∏—è','–†–æ–º–∞–Ω–æ–≤–∞','2023-09-01'),(39,'–°—Ç–∞–Ω–∏—Å–ª–∞–≤','–ö–æ–∑–ª–æ–≤','2023-09-01'),(40,'–†–∞–∏—Å–∞','–ò–ª—å–∏–Ω–∞','2023-09-01'),(41,'–ê–Ω–∞—Å—Ç–∞—Å–∏—è','–ö—É–∑—å–º–∏–Ω–∞','2024-09-01'),(42,'–í–∏–∫—Ç–æ—Ä','–ü–µ—Ç—Ä–æ–≤','2024-09-01');
/*!40000 ALTER TABLE `student` ENABLE KEYS */;
UNLOCK TABLES;

--
-- Table structure for table `student_class_mapping`
--

DROP TABLE IF EXISTS `student_class_mapping`;
/*!40101 SET @saved_cs_client     = @@character_set_client */;
/*!50503 SET character_set_client = utf8mb4 */;
CREATE TABLE `student_class_mapping` (
  `id` int NOT NULL AUTO_INCREMENT,
  `student_id` int NOT NULL,
  `class_id` int NOT NULL,
  `year_id` int NOT NULL,
  PRIMARY KEY (`id`),
  UNIQUE KEY `student_id` (`student_id`,`year_id`),
  KEY `class_id` (`class_id`),
  KEY `year_id` (`year_id`),
  CONSTRAINT `student_class_mapping_ibfk_1` FOREIGN KEY (`student_id`) REFERENCES `student` (`id`),
  CONSTRAINT `student_class_mapping_ibfk_2` FOREIGN KEY (`class_id`) REFERENCES `school_class` (`id`),
  CONSTRAINT `student_class_mapping_ibfk_3` FOREIGN KEY (`year_id`) REFERENCES `school_year` (`id`)
) ENGINE=InnoDB AUTO_INCREMENT=85 DEFAULT CHARSET=utf8mb4 COLLATE=utf8mb4_0900_ai_ci;
/*!40101 SET character_set_client = @saved_cs_client */;

--
-- Dumping data for table `student_class_mapping`
--

LOCK TABLES `student_class_mapping` WRITE;
/*!40000 ALTER TABLE `student_class_mapping` DISABLE KEYS */;
INSERT INTO `student_class_mapping` VALUES (1,1,1,2),(2,17,1,2),(3,2,2,2),(4,18,2,2),(5,3,3,2),(6,19,3,2),(7,4,4,2),(8,20,4,2),(9,5,5,2),(10,21,5,2),(11,6,6,2),(12,22,6,2),(13,7,7,2),(14,23,7,2),(15,8,8,2),(16,24,8,2),(17,9,9,2),(18,25,9,2),(19,10,10,2),(20,26,10,2),(21,11,11,2),(22,27,11,2),(23,12,12,2),(24,28,12,2),(25,13,13,2),(26,29,13,2),(27,14,14,2),(28,30,14,2),(29,15,15,2),(30,31,15,2),(31,16,16,2),(32,32,16,2),(41,33,1,1),(42,34,1,1),(43,35,6,1),(44,36,6,1),(45,37,11,1),(46,38,11,1),(47,39,16,1),(48,40,16,1),(52,5,1,1),(53,21,1,1),(54,6,1,1),(55,22,1,1),(56,7,1,1),(57,23,1,1),(58,8,1,1),(59,24,1,1),(60,9,5,1),(61,25,5,1),(62,10,5,1),(63,26,5,1),(64,11,5,1),(65,27,5,1),(66,12,5,1),(67,28,5,1),(68,13,9,1),(69,29,9,1),(70,14,9,1),(71,30,9,1),(72,15,9,1),(73,31,9,1),(74,16,9,1),(75,32,9,1),(83,41,1,2),(84,42,2,2);
/*!40000 ALTER TABLE `student_class_mapping` ENABLE KEYS */;
UNLOCK TABLES;

--
-- Table structure for table `student_rating`
--

DROP TABLE IF EXISTS `student_rating`;
/*!40101 SET @saved_cs_client     = @@character_set_client */;
/*!50503 SET character_set_client = utf8mb4 */;
CREATE TABLE `student_rating` (
  `id` int NOT NULL AUTO_INCREMENT,
  `mapping_id` int NOT NULL,
  `points` int NOT NULL DEFAULT '0',
  PRIMARY KEY (`id`),
  KEY `mapping_id` (`mapping_id`),
  CONSTRAINT `student_rating_ibfk_1` FOREIGN KEY (`mapping_id`) REFERENCES `student_class_mapping` (`id`)
) ENGINE=InnoDB AUTO_INCREMENT=3 DEFAULT CHARSET=utf8mb4 COLLATE=utf8mb4_0900_ai_ci;
/*!40101 SET character_set_client = @saved_cs_client */;

--
-- Dumping data for table `student_rating`
--

LOCK TABLES `student_rating` WRITE;
/*!40000 ALTER TABLE `student_rating` DISABLE KEYS */;
INSERT INTO `student_rating` VALUES (1,83,75),(2,84,90);
/*!40000 ALTER TABLE `student_rating` ENABLE KEYS */;
UNLOCK TABLES;
/*!40103 SET TIME_ZONE=@OLD_TIME_ZONE */;

/*!40101 SET SQL_MODE=@OLD_SQL_MODE */;
/*!40014 SET FOREIGN_KEY_CHECKS=@OLD_FOREIGN_KEY_CHECKS */;
/*!40014 SET UNIQUE_CHECKS=@OLD_UNIQUE_CHECKS */;
/*!40101 SET CHARACTER_SET_CLIENT=@OLD_CHARACTER_SET_CLIENT */;
/*!40101 SET CHARACTER_SET_RESULTS=@OLD_CHARACTER_SET_RESULTS */;
/*!40101 SET COLLATION_CONNECTION=@OLD_COLLATION_CONNECTION */;
/*!40111 SET SQL_NOTES=@OLD_SQL_NOTES */;

-- Dump completed on 2025-06-13 17:41:20
